{"cameraMode":{"drawMode":0,"name":"Shaded","section":"Shading Mode"},"sceneLighting":false,"audioPlay":false,"sceneViewState":{"showFog":true,"showMaterialUpdate":false,"showSkybox":false,"showFlares":true,"showImageEffects":true,"showParticleSystems":true},"in2DMode":false,"pivot":{"x":0.009786263108253479,"y":1.248317003250122,"z":0.0},"rotation":{"x":0.1423041671514511,"y":-0.01930086314678192,"z":0.002736165886744857,"w":0.9896767139434815},"size":2.8780770301818849,"orthographic":false}