{"cameraMode":{"drawMode":0,"name":"Shaded","section":"Shading Mode"},"sceneLighting":true,"audioPlay":false,"sceneViewState":{"showFog":true,"showMaterialUpdate":true,"showSkybox":true,"showFlares":true,"showImageEffects":true,"showParticleSystems":true},"in2DMode":false,"pivot":{"x":6.807397842407227,"y":-13.581134796142579,"z":14.616472244262696},"rotation":{"x":-0.22424592077732087,"y":-0.20234228670597077,"z":0.04766908660531044,"w":-0.952120840549469},"size":56.10982131958008,"orthographic":false}