{"cameraMode":{"drawMode":0,"name":"Shaded","section":"Shading Mode"},"sceneLighting":true,"audioPlay":false,"sceneViewState":{"showFog":true,"showMaterialUpdate":false,"showSkybox":true,"showFlares":true,"showImageEffects":true,"showParticleSystems":true},"in2DMode":false,"pivot":{"x":930.228759765625,"y":266.5225830078125,"z":234.83645629882813},"rotation":{"x":0.12166908383369446,"y":0.7321643829345703,"z":-0.13573642075061799,"w":0.6562840342521668},"size":3684.275634765625,"orthographic":false}