{"cameraMode":{"drawMode":0,"name":"Shaded","section":"Shading Mode"},"sceneLighting":true,"audioPlay":false,"sceneViewState":{"showFog":true,"showMaterialUpdate":true,"showSkybox":true,"showFlares":true,"showImageEffects":true,"showParticleSystems":true},"in2DMode":false,"pivot":{"x":2591.67333984375,"y":-298.58642578125,"z":-702.7349853515625},"rotation":{"x":-0.051204778254032138,"y":-0.7775716185569763,"z":0.06380558013916016,"w":-0.6235105991363525},"size":9337.376953125,"orthographic":false}