{"cameraMode":{"drawMode":2,"name":"Shaded Wireframe","section":"Shading Mode"},"sceneLighting":false,"audioPlay":false,"sceneViewState":{"showFog":true,"showMaterialUpdate":false,"showSkybox":false,"showFlares":true,"showImageEffects":true,"showParticleSystems":true},"in2DMode":false,"pivot":{"x":0.5492284297943115,"y":1.8439881801605225,"z":0.29996442794799807},"rotation":{"x":0.03600582852959633,"y":-0.36406323313713076,"z":-0.014136524870991707,"w":-0.9306119084358215},"size":2.115149974822998,"orthographic":false}